classification,avg_daily_pnl,median_daily_pnl,avg_trade_volume,avg_trade_count,trading_days
Extreme Greed,176965.491774,176965.491774,39406770.25,6962.0,1
Fear,6699925.190574,6699925.190574,704158492.98,133871.0,1
Greed,1063205.5117920002,155.50335699999994,38501223.95,12096.333333333334,3
Neutral,158742.378078,158742.378078,21843234.35,7141.0,1
